{"cameraMode":{"drawMode":0,"name":"Shaded","section":"Shading Mode"},"sceneLighting":true,"audioPlay":false,"sceneViewState":{"m_AlwaysRefresh":false,"showFog":true,"showSkybox":true,"showFlares":true,"showImageEffects":true,"showParticleSystems":true,"showVisualEffectGraphs":true,"m_FxEnabled":true},"in2DMode":false,"pivot":{"x":0.20316395163536073,"y":11.44333267211914,"z":-0.18434901535511018},"rotation":{"x":0.00923205353319645,"y":0.9872580766677856,"z":-0.0622786208987236,"w":0.14618946611881257},"size":2.941784143447876,"orthographic":false}